time_seconds,clean_value
0.0,8.861064910888672
0.099026,8.782883644104004
0.213068,8.598668098449707
0.296829,7.96035099029541
0.397748,7.826279163360596
0.497818,8.156014442443848
0.597322,8.401796340942383
0.696695,7.888297080993652
0.798489,8.223390579223633
0.897175,8.432270050048828
0.996739,8.213644027709961
1.131846,8.504307746887207
1.230782,8.771873474121094
1.331838,8.024520874023438
1.431983,8.165532112121582
1.530924,7.765313148498535
1.63065,7.579523086547852
1.730663,7.662850856781006
1.831075,7.497986793518066
1.931924,7.196055889129639
2.0314,7.449855804443359
2.13112,7.879414081573486
2.230719,8.136953353881836
2.331278,8.03382396697998
2.464607,7.861621856689453
2.56424,7.506031036376953
2.665336,7.386711120605469
2.765777,8.043058395385742
2.865119,8.136953353881836
2.964505,7.897286891937256
3.064939,7.579523086547852
3.164754,7.96035099029541
3.265756,8.108573913574219
3.363857,7.861621856689453
3.465292,7.791337013244629
3.564697,8.493884086608887
3.697343,8.525131225585938
3.765065,8.089733123779297
3.90106,8.165532112121582
3.997967,8.917750358581543
4.098199,8.952088356018066
4.19717,9.37344741821289
4.299418,8.577587127685547
4.397897,9.386143684387207
4.499166,9.116049766540527
4.597882,9.632523536682129
4.699107,9.42419147491455
4.79911,9.298468589782715
4.897523,8.588114738464355
4.998046,8.493884086608887
5.098803,8.883674621582031
5.233715,8.782883644104004
5.330353,8.673589706420898
5.431364,8.493884086608887
5.531981,8.525131225585938
5.630728,8.827420234680176
5.731817,8.827420234680176
5.832792,8.929130554199219
5.932495,8.641351699829102
6.031609,8.514656066894531
6.132507,8.816189765930176
6.23213,9.310840606689453
6.33195,8.73890209197998
6.431031,8.816189765930176
6.532281,8.504307746887207
6.632359,8.452741622924805
6.764799,8.805095672607422
6.865018,8.20401382446289
6.966273,8.184727668762207
6.974143,8.351462364196777
7.165192,8.341408729553223
7.267317,8.630693435668945
7.364905,8.60935115814209
7.464588,8.630693435668945
7.566353,8.963668823242188
7.597952,8.442442893981934
7.765476,8.493884086608887
7.866007,8.816189765930176
7.965038,8.535530090332031
8.099725,8.252581596374512
8.19912,8.422120094299316
8.298381,8.56698226928711
8.398736,8.311588287353516
8.498401,8.19431209564209
8.599044,8.411896705627441
8.699165,8.483585357666016
8.797992,8.917750358581543
8.900366,8.6520357131958
8.998275,8.19431209564209
9.098766,8.391622543334961
9.198787,8.28197956085205
9.300425,8.242764472961426
9.39859,8.401796340942383
9.533258,8.401796340942383
9.599138,8.452741622924805
9.732969,8.422120094299316
9.834675,8.432270050048828
9.93307,8.483585357666016
10.032886,8.28197956085205
10.132253,8.782883644104004
10.232433,9.360907554626465
10.333375,9.488336563110352
10.433414,9.236856460571289
10.532693,9.335806846618652
10.633696,9.360907554626465
10.765725,8.986692428588867
10.831995,8.952088356018066
10.932803,9.00994873046875
11.032412,8.598668098449707
11.166691,8.684460639953613
11.265917,8.72789478302002
11.366715,8.619956970214844
11.371686,8.525131225585938
11.466835,8.79403018951416
11.56839,8.975165367126465
11.767072,8.556507110595703
11.772858,8.849858283996582
11.899976,9.127941131591797
11.966925,8.473313331604004
12.10046,8.351462364196777
12.199411,8.371542930603027
12.299094,8.6520357131958
12.398958,8.19431209564209
12.500219,8.052313804626465
12.598903,8.252581596374512
12.700362,7.96035099029541
12.899856,8.301727294921875
13.001383,9.619282722473145
13.098994,10.092779159545898
13.199915,9.553360939025879
13.298837,9.42419147491455
13.398975,9.298468589782715
13.499087,9.28600788116455
13.600059,9.021678924560547
13.702525,9.920512199401855
13.799565,9.713142395019531
13.900682,8.963668823242188
14.033565,8.79403018951416
14.133086,8.442442893981934
14.2341,8.442442893981934
14.332959,8.28197956085205
14.433449,8.024520874023438
14.533367,7.662850856781006
14.63442,7.879414081573486
14.739944,8.262325286865234
14.834092,8.089733123779297
14.93514,7.969505786895752
14.971002,8.262325286865234
15.139015,8.156014442443848
15.233762,7.748032093048096
15.333159,8.099096298217773
15.369143,8.015328407287598
15.569474,7.9151530265808105
15.667329,7.756619930267334
15.766432,7.363316059112549
15.868148,7.309248924255371
15.966517,6.602963924407959
16.067048,6.869829177856445
16.167684,7.057656764984131
16.266738,6.628105163574219
16.366673,7.1591010093688965
16.400679,7.434027194976807
16.567734,7.473884105682373
16.700113,7.043379783630371
16.706524,7.2035369873046875
16.799829,7.233397006988525
16.900179,6.816098213195801
17.100743,6.863025188446045
17.106262,7.10076904296875
17.200216,7.181213855743408
17.300391,7.240954875946045
17.500961,7.271124839782715
17.50844,7.3246259689331055
17.600005,7.426060199737549
17.699862,7.3246259689331055
17.800297,7.271124839782715
18.000407,7.043379783630371
18.09988,6.653438091278076
18.234024,6.480187892913818
18.333684,6.047317981719971
18.434778,5.913884162902832
18.534291,5.238309860229492
18.634267,5.7057271003723145
18.734389,5.663980007171631
18.834009,5.95428991317749
18.935415,6.361894130706787
19.034825,6.68534517288208
19.133779,6.958981037139893
19.234325,7.029160022735596
19.333617,6.782931804656982
19.433863,6.691739082336426
19.57342,6.769743919372559
19.634196,7.115281105041504
19.767188,7.196055889129639
19.867731,7.137124061584473
19.967713,7.08631706237793
20.067539,6.965909004211426
20.168051,6.958981037139893
20.267809,6.910668849945068
20.367183,6.836140155792236
20.467427,6.565670013427734
20.568045,6.54718017578125
20.66769,6.373538970947266
20.767527,6.259072780609131
20.801972,6.432356834411621
20.901152,6.4922709465026855
21.100843,6.432356834411621
21.105308,6.420495986938477
21.202073,6.344532012939453
21.300961,6.4087347984313965
21.500821,6.474192142486572
21.506999,6.540999889373779
21.602028,6.510451793670654
21.700952,5.888902187347412
21.801248,5.893909931182861
21.901692,6.602963924407959
22.001172,6.356114864349365
22.10187,6.315786838531494
22.200928,6.310091972351074
22.335664,6.332991123199463
22.435642,6.385229110717773
22.534935,6.270345211029053
22.634548,6.24226713180542
22.734454,6.287302017211914
22.836749,6.321548938751221
22.93419,6.373538970947266
23.134643,6.361894130706787
23.235218,6.259072780609131
23.334703,6.236702919006348
23.435639,6.197873115539551
23.536086,6.181394100189209
23.635526,6.148643970489502
23.735548,6.0159711837768555
23.835055,5.878958225250244
23.935092,5.869095802307129
24.068718,5.839563846588135
24.170198,5.834694862365723
24.268811,5.776658058166504
24.367822,5.781431198120117
24.46945,5.719764232635498
24.568379,5.668612957000732
24.668136,5.7718939781188965
24.770267,5.636516094207764
24.868319,5.438604831695557
24.969185,5.3881449699401855
25.101698,5.417469024658203
25.178809,5.346813201904297
25.269067,5.4813737869262695
25.368898,5.451356887817383
25.503263,5.442834854125977
25.602907,5.396496772766113
25.609613,5.375687122344971
25.802993,5.516068935394287
25.809923,5.631978988647461
25.906253,5.645656108856201
26.101981,5.533603191375732
26.20215,5.4856719970703125
26.30327,5.595771789550781
26.401998,5.687087059020996
26.502272,5.682467937469482
26.602814,5.627406120300293
26.706052,5.5556559562683105
26.805392,5.586835861206055
26.905596,5.595771789550781
26.939968,5.6228837966918945
27.138163,5.551206111907959
27.23746,5.494328022003174
27.336228,5.46848201751709
27.435466,5.310175895690918
27.535952,5.081740856170654
27.544483,4.987216949462891
27.669205,5.015923023223877
27.769376,4.997939109802246
27.869922,5.1190619468688965
27.969642,4.987216949462891
28.26973,4.791780948638916
28.368831,5.019519805908203
28.469502,5.059621810913086
28.569508,5.0854339599609375
28.669141,5.030381202697754
28.770851,5.055931091308594
28.779201,5.0632829666137695
28.872959,5.055931091308594
29.069243,5.041325092315674
29.103693,5.019519805908203
29.202674,5.107816219329834
29.302573,5.2462029457092285
29.408632,5.238309860229492
29.503252,5.164587020874023
29.602745,5.226533889770508
29.702753,5.191521167755127
29.802539,5.179915904998779
29.902847,5.176084995269775
30.004844,5.160739898681641
30.202812,5.310175895690918
30.210872,5.355037212371826
30.302879,5.355037212371826
30.402862,5.32233190536499
30.503022,5.285988807678223
30.602686,5.294026851654053
30.703026,5.294026851654053
30.803221,5.298035144805908
30.90519,5.338613986968994
31.036339,5.302089214324951
31.102647,4.845061779022217
31.236889,4.778627872467041
31.336598,5.367400169372559
31.436299,5.350942134857178
31.540044,5.404873847961426
31.636178,5.3061089515686035
31.738269,5.39233922958374
31.837085,5.318246841430664
31.936564,5.379819869995117
32.037571,5.383999824523926
32.137051,5.258068084716797
32.236918,5.258068084716797
32.336319,5.294026851654053
32.436024,5.355037212371826
32.572093,5.294026851654053
32.669987,5.564536094665527
32.77161,5.396496772766113
32.870461,5.258068084716797
32.969939,5.238309860229492
33.070475,4.983631134033203
33.170535,4.663538932800293
33.304962,4.746088981628418
33.371315,5.041325092315674
33.503661,4.713991165161133
33.570305,4.7851948738098145
33.704171,4.851813793182373
33.803133,4.765577793121338
33.905059,4.723567962646484
34.003545,4.685490131378174
34.105283,4.657299995422363
34.20465,4.899575233459473
34.303272,4.923776149749756
34.403201,5.537981986999512
34.505013,5.591300964355469
34.606039,5.459906101226807
34.70361,5.560070991516113
34.803791,5.498688220977783
34.903586,5.218699932098389
35.004249,5.160739898681641
35.105632,5.338613986968994
35.204157,5.400661945343018
35.304507,5.46848201751709
35.437833,5.359138011932373
35.536867,5.346813201904297
35.638279,5.421667098999023
35.73722,5.355037212371826
35.838996,5.273997783660889
35.937864,5.290025234222412
36.039015,5.32233190536499
36.137193,5.338613986968994
36.27116,5.359138011932373
36.355811,5.2462029457092285
36.436745,5.226533889770508
36.537013,5.254119873046875
36.671782,5.3061089515686035
36.73836,5.270026206970215
36.906716,5.234392166137695
36.971339,5.2462029457092285
37.054889,5.234392166137695
37.172218,5.25017786026001
37.271435,5.218699932098389
37.371609,5.160739898681641
37.471488,5.199235916137695
37.571905,5.179915904998779
37.672408,5.160739898681641
37.7873,5.164587020874023
37.871185,5.160739898681641
37.971393,5.134160995483398
38.088184,5.0928730964660645
38.205631,5.130359172821045
38.287111,5.199235916137695
38.409956,5.195375919342041
38.505854,5.1265997886657715
38.612276,5.203139781951904
38.687602,5.350942134857178
38.788273,5.2109270095825195
38.924617,5.107816219329834
39.021602,5.052279949188232
39.121482,5.214810848236084
39.226093,5.25017786026001
39.321865,5.310175895690918
39.421417,5.270026206970215
39.524402,5.176084995269775
39.621049,5.222632884979248
39.720978,5.273997783660889
39.821636,5.226533889770508
39.920668,5.179915904998779
40.020968,5.130359172821045
40.121446,5.156937122344971
40.222308,5.168400764465332
40.354505,5.048598766326904
40.454965,5.107816219329834
40.555305,5.218699932098389
40.654512,5.281999111175537
40.754823,5.183791160583496
40.855183,5.153139114379883
40.95489,5.137929916381836
41.054767,5.270026206970215
41.156487,5.222632884979248
41.254881,5.1722588539123535
41.355223,5.183791160583496
41.454906,5.168400764465332
41.555251,5.183791160583496
41.655686,5.187633991241455
41.754655,5.156937122344971
41.855908,5.0928730964660645
41.988189,5.081740856170654
42.088209,5.1417059898376465
42.191714,5.199235916137695
42.28858,5.1722588539123535
42.388854,5.034036159515381
42.488807,5.023159027099609
42.5886,5.1265997886657715
42.690015,5.203139781951904
42.788467,5.270026206970215
42.889493,5.145524024963379
42.988403,5.2109270095825195
43.088372,5.1417059898376465
43.188406,5.176084995269775
43.290351,5.270026206970215
43.421947,5.048598766326904
43.522147,5.052279949188232
43.62172,5.100334167480469
43.722112,5.048598766326904
43.821844,5.0854339599609375
43.921831,5.149310111999512
44.022071,5.074335098266602
44.122257,5.048598766326904
44.223246,5.0632829666137695
44.323608,5.041325092315674
44.422001,5.089169025421143
44.524236,5.081740856170654
44.655955,5.052279949188232
44.755625,4.99433708190918
44.856214,5.037660121917725
44.955868,5.019519805908203
45.055767,5.034036159515381
45.156315,5.055931091308594
45.257922,5.059621810913086
45.356959,5.070658206939697
45.455947,5.078052997589111
45.556792,5.191521167755127
45.756135,5.2109270095825195
45.761743,5.179915904998779
45.857788,5.130359172821045
45.956422,5.145524024963379
46.056305,5.1722588539123535
46.190365,5.149310111999512
46.2557,5.1190619468688965
46.390289,5.160739898681641
46.488806,5.1417059898376465
46.591308,5.145524024963379
46.690098,5.1265997886657715
46.790251,5.1722588539123535
46.890615,5.149310111999512
46.990468,5.160739898681641
47.089978,5.234392166137695
47.190151,5.266020774841309
47.289705,5.214810848236084
47.389655,5.302089214324951
47.491787,5.302089214324951
47.625157,5.137929916381836
47.723818,5.1417059898376465
47.82348,5.074335098266602
47.92409,5.1417059898376465
48.024467,5.2109270095825195
48.124196,5.222632884979248
48.224018,5.230478763580322
48.325112,5.191521167755127
48.424826,5.199235916137695
48.524292,5.218699932098389
48.625523,5.176084995269775
48.724653,5.258068084716797
48.82469,5.164587020874023
48.924313,5.100334167480469
49.058466,5.111546993255615
49.157266,5.001512050628662
49.257232,5.023159027099609
49.357359,5.149310111999512
49.458789,5.187633991241455
49.557408,5.183791160583496
49.657171,5.230478763580322
49.757359,5.187633991241455
49.857858,5.037660121917725
49.957009,5.089169025421143
50.059263,5.270026206970215
50.157347,5.3061089515686035
50.257479,5.226533889770508
50.358119,5.187633991241455
50.457206,5.258068084716797
50.591684,5.273997783660889
50.691594,5.290025234222412
50.790564,5.226533889770508
50.891319,5.111546993255615
50.990731,5.070658206939697
51.091446,5.0928730964660645
51.190747,5.107816219329834
51.2907,5.1722588539123535
51.389816,5.1417059898376465
51.491116,5.034036159515381
51.591112,5.04495906829834
51.6909,5.026768207550049
51.825504,5.111546993255615
51.92476,5.168400764465332
52.024667,5.273997783660889
52.124279,5.277976036071777
52.225196,5.145524024963379
52.324672,5.168400764465332
52.42499,5.314208984375
52.525604,5.230478763580322
52.624786,5.1190619468688965
52.724138,5.104053020477295
52.824526,5.0854339599609375
52.924525,5.145524024963379
53.024554,5.26206111907959
53.158078,5.2109270095825195
53.226377,5.2109270095825195
53.358114,5.1722588539123535
53.459282,5.226533889770508
53.558736,5.207012176513672
53.657943,5.2109270095825195
53.758634,5.1722588539123535
53.858859,5.1722588539123535
53.959144,5.183791160583496
54.057508,5.25017786026001
54.157768,5.048598766326904
54.258058,5.015923023223877
54.391575,5.0854339599609375
54.457794,5.153139114379883
54.558187,5.226533889770508
54.6585,5.149310111999512
54.792306,5.078052997589111
54.893898,5.156937122344971
54.992003,5.234392166137695
55.09203,5.214810848236084
55.192987,5.164587020874023
55.274895,5.100334167480469
55.391595,5.1265997886657715
55.49136,5.0632829666137695
55.592169,5.019519805908203
55.691368,5.026768207550049
55.791366,5.0632829666137695
55.92554,5.019519805908203
55.99289,5.04495906829834
56.09167,5.066949844360352
56.224843,5.074335098266602
56.327589,5.1190619468688965
56.426383,5.111546993255615
56.524535,5.145524024963379
56.626636,5.164587020874023
56.725711,5.037660121917725
56.824619,5.012293815612793
56.925824,5.019519805908203
57.026002,4.965878009796143
57.125796,4.955294132232666
57.226243,4.923776149749756
57.326874,4.951786994934082
57.425179,5.1190619468688965
57.526523,5.111546993255615
57.659468,5.074335098266602
57.75997,4.9694390296936035
57.859672,5.037660121917725
57.959769,5.066949844360352
58.059167,5.137929916381836
58.160219,5.055931091308594
58.259901,5.048598766326904
58.359088,5.008707046508789
58.45909,5.0928730964660645
58.593246,5.081740856170654
58.659999,5.04495906829834
58.7608,5.081740856170654
58.891847,5.081740856170654
58.959456,5.179915904998779
59.092981,5.191521167755127
59.159609,5.1722588539123535
59.292387,4.976508140563965
59.393941,4.920313835144043
59.492624,5.048598766326904
59.593564,5.107816219329834
59.693033,5.070658206939697
59.792558,5.055931091308594
59.893347,5.048598766326904
59.993677,5.100334167480469
60.093348,5.183791160583496
60.226527,5.111546993255615
60.291595,5.078052997589111
60.39364,5.070658206939697
60.526076,5.052279949188232
60.627298,5.048598766326904
60.726456,5.104053020477295
60.82602,5.074335098266602
60.926807,5.078052997589111
61.026559,5.070658206939697
61.126444,5.023159027099609
61.226859,5.012293815612793
61.334233,5.034036159515381
61.426624,5.100334167480469
61.527663,4.983631134033203
61.627486,4.851813793182373
61.726578,4.821595191955566
61.826551,4.858584880828857
61.926582,4.9064459800720215
62.059554,4.93074893951416
62.159394,4.976508140563965
62.263364,4.913370132446289
62.359543,4.916855812072754
62.459021,4.948250770568848
62.559929,4.951786994934082
62.659238,5.019519805908203
62.758938,4.909922122955322
62.859085,5.012293815612793
62.959302,4.98008394241333
63.059215,5.055931091308594
63.159236,5.001512050628662
63.259574,4.976508140563965
63.359386,4.9694390296936035
63.492577,4.913370132446289
63.593448,4.903007984161377
63.599559,4.851813793182373
63.792249,4.834986209869385
63.893067,4.851813793182373
63.992542,4.841710090637207
64.093255,4.8551812171936035
64.19295,4.889236927032471
64.293277,4.8721489906311035
64.392756,4.851813793182373
64.492611,4.851813793182373
64.593693,4.848452091217041
64.692446,4.80167818069458
64.825766,4.818274021148682
64.926521,4.739627838134766
65.026222,4.798385143280029
65.126123,4.86537504196167
65.227532,4.765577793121338
65.326397,4.768826007843018
65.42585,4.7851948738098145
65.526186,4.765577793121338
65.627112,4.759064197540283
65.725957,4.798385143280029
65.826133,4.80167818069458
65.926882,4.733215808868408
66.026052,4.713991165161133
66.159814,4.729986190795898
66.227201,4.73642110824585
66.360318,4.772078037261963
66.459463,4.848452091217041
66.559885,4.841710090637207
66.660114,4.791780948638916
66.75979,4.781926155090332
66.859712,4.824952125549316
66.960415,4.831647872924805
67.059791,4.768826007843018
67.159686,4.733215808868408
67.259969,4.73642110824585
67.396884,4.733215808868408
67.459818,4.762302875518799
67.56021,4.80167818069458
67.694246,4.861959934234619
67.794151,4.824952125549316
67.893521,4.889236927032471
67.900759,4.920313835144043
67.993402,4.8721489906311035
68.193839,4.8149590492248535
68.293464,4.845061779022217
68.300447,4.762302875518799
68.494446,4.7851948738098145
68.501707,4.657299995422363
68.626408,4.651079177856445
68.727072,4.663538932800293
68.82699,4.739627838134766
68.927029,4.804975986480713
69.127254,4.841710090637207
69.227153,4.824952125549316
69.326818,4.704452037811279
69.428005,4.663538932800293
69.526763,4.6479902267456055
69.627384,4.6233320236206055
69.727113,4.626388072967529
69.827323,4.6356120109558105
69.927466,4.666648864746094
70.026762,4.663538932800293
70.126999,4.657299995422363
70.227638,4.6233320236206055
70.327526,4.58681583404541
70.426986,4.592865943908691
70.527158,4.663538932800293
70.661151,4.669794082641602
70.760722,4.698103904724121
70.860401,4.565777778625488
70.961069,4.536064147949219
70.968059,4.384829998016357
71.160985,4.387578010559082
71.260737,4.500908851623535
71.361083,4.565777778625488
71.462063,4.629448890686035
71.560885,4.701292037963867
71.5942,4.892690181732178
71.760626,4.694952011108398
71.894212,5.001512050628662
71.997007,4.858584880828857
72.094496,4.220221042633057
72.101592,3.9861080646514893
72.295615,4.536064147949219
72.327573,46.592140197753906
72.394436,10000.0
72.495765,0.17692600190639496
72.59767,0.33517301082611084
72.695402,10000.0
72.829808,13.731608390808105
72.895689,14.717232704162598
73.029159,9.449769973754883
73.096952,7.730827808380127
73.229149,2.532197952270508
73.328872,0.03248000144958496
73.430406,0.030198000371456146
73.530016,0.030201999470591545
73.62922,0.030212000012397766
73.728542,0.030208999291062355
73.828915,0.035395000129938126
73.928456,10000.0
74.028258,31.03367042541504
74.228971,6.890189170837402
74.329206,27.593870162963867
74.42826,8.917750358581543
74.529199,11.070734977722168
74.628802,9.920512199401855
74.728808,4.9064459800720215
74.829432,8.525131225585938
74.962932,5.447113990783691
75.063176,0.244827002286911
75.162853,0.10307399928569794
75.263186,0.21741800010204315
75.363504,10000.0
75.462727,10000.0
75.562922,10000.0
75.663071,10000.0
75.762924,10000.0
75.862696,10000.0
75.963374,10000.0
75.996924,10000.0
76.162833,10000.0
76.265729,10000.0
76.298986,10000.0
76.397134,10000.0
76.498037,10000.0
76.696509,10000.0
76.702218,10000.0
76.797263,10000.0
76.897337,10000.0
77.033407,10000.0
77.096342,10000.0
77.197231,10000.0
77.297068,10000.0
77.430006,10000.0
77.530724,36.76250076293945
77.629681,13.650721549987793
77.730074,7.263576984405518
77.830077,6.127056121826172
77.930022,5.636516094207764
78.029566,5.627406120300293
78.130443,6.7435197830200195
78.230788,9.200303077697754
78.329585,24.151275634765625
78.429952,25.290298461914062
78.530968,28.264814376831055
78.629791,30.49012565612793
78.730976,31.74026870727539
78.83028,16.650924682617188
78.930075,14.938085556030273
79.030038,17.70852279663086
79.164827,20.95667266845703
79.363877,49.223812103271484
79.463755,10000.0
79.56406,600.8440551757812
79.664082,252.5712890625
79.764011,10000.0
79.86383,1243.67529296875
79.964706,10000.0
80.063657,10000.0
80.163385,10000.0
80.264108,10000.0
80.397216,111.34972381591797
80.463699,37.15481948852539
80.564571,38.593284606933594
80.697149,31.45352554321289
80.797362,27.484426498413086
80.898061,26.144426345825195
80.997111,25.663124084472656
81.09762,33.90061950683594
81.197679,22.368762969970703
81.297685,22.58607292175293
81.397832,23.421361923217773
81.497718,21.147294998168945
81.59764,27.484426498413086
81.698086,78.66728973388672
81.798005,43.131778717041016
81.897243,32.17959976196289
82.031079,24.491050720214844
82.037295,22.882963180541992
82.231161,24.404796600341797
82.329922,19.117238998413086
82.431262,19.8239688873291
82.531508,18.80743408203125
82.631111,17.890512466430664
82.73137,19.222789764404297
82.831728,17.10053062438965
82.931829,17.75389289855957
82.965096,29.966548919677734
83.131802,23.82159423828125
83.233243,25.949565887451172
83.364883,22.882963180541992
83.465125,16.22472381591797
83.565209,17.98291778564453
83.665962,15.165666580200195
83.766051,14.748557090759277
83.865688,14.717232704162598
83.967216,14.748557090759277
84.065647,14.810992240905762
84.16528,14.26541805267334
84.265933,14.063874244689941
84.46646,14.842717170715332
84.56551,13.087050437927246
84.666116,13.211074829101562
84.698253,13.388511657714844
84.898467,13.868215560913086
84.965906,13.013555526733398
85.099732,12.613393783569336
85.109487,16.730939865112305
85.199097,16.493549346923828
85.300672,15.400287628173828
85.402202,15.468375205993652
85.499482,15.434256553649902
85.601486,13.597667694091797
85.701429,12.613393783569336
85.800033,11.82180404663086
85.898947,12.301644325256348
86.039841,12.411168098449707
86.135361,15.572321891784668
86.23381,15.434256553649902
86.337983,11.509357452392578
86.435033,11.267524719238281
86.532643,15.265243530273438
86.632445,14.092475891113281
86.731955,13.388511657714844
86.831847,13.4144287109375
86.931977,13.038042068481445
87.033504,13.286575317382812
87.13186,13.979310035705566
87.231558,11.80167007446289
87.331567,11.195240020751953
87.433479,11.761994361877441
87.53332,11.195240020751953
87.633483,11.340928077697754
87.765953,11.5285062789917
87.865732,13.4144287109375
87.966708,13.597667694091797
88.066119,11.43394947052002
88.166883,10.567212104797363
88.265186,11.415111541748047
88.365468,11.28587532043457
88.466118,11.249410629272461
88.565762,10.631590843200684
88.665632,11.267524719238281
88.765231,11.088276863098145
88.867862,10.931862831115723
88.965375,11.213180541992188
89.098883,12.941117286682129
89.166807,13.33747386932373
89.299084,12.869482040405273
89.399757,14.207206726074219
89.499472,13.286575317382812
89.599049,13.840516090393066
89.700794,12.067450523376465
89.799743,11.761994361877441
89.899816,11.452662467956543
89.998295,10.863641738891602
90.099473,11.359339714050293
90.23478,11.018266677856445
90.299792,10.863641738891602
90.398731,11.177181243896484
90.533354,11.585957527160645
90.633988,10.880534172058105
90.732267,11.304106712341309
90.835349,10.77963638305664
90.932421,10.8468017578125
91.033891,10.983508110046387
91.133727,11.123703956604004
91.233781,10.983508110046387
91.333209,10.796268463134766
91.433778,11.322397232055664
91.533682,11.43394947052002
91.632082,11.5285062789917
91.733312,10.897644996643066
91.837046,11.862080574035645
91.966379,11.722393035888672
92.034145,11.452662467956543
92.169253,11.566805839538574
92.270138,12.04647159576416
92.368338,11.415111541748047
92.467231,11.605173110961914
92.569122,12.236895561218262
92.668105,12.17282485961914
92.766956,12.613393783569336
92.867954,13.013555526733398
92.967305,14.035664558410645
93.068912,13.923405647277832
93.169206,12.869482040405273
93.268637,12.72856330871582
93.367872,14.624655723571777
93.467356,12.522658348083496
93.601591,11.862080574035645
93.704663,11.070734977722168
93.800379,6.910668849945068
93.902055,15.572321891784668
94.004727,15.891653060913086
94.10193,17.312908172607422
94.202708,17.936370849609375
94.30031,14.324108123779297
94.400739,12.941117286682129
94.502855,11.070734977722168
94.604122,10.829850196838379
94.702489,11.68305778503418
94.834384,11.035643577575684
94.938738,11.922913551330566
95.035462,12.522658348083496
95.136271,13.261148452758789
95.235972,12.75175952911377
95.335528,70.68907165527344
95.437128,10000.0
95.536652,17.75389289855957
95.636593,13.18593692779541
95.735701,13.923405647277832
95.835817,13.161134719848633
95.935336,12.301644325256348
96.034761,12.301644325256348
96.136831,13.597667694091797
96.267514,13.895755767822266
96.334358,12.34526252746582
96.468494,12.28005599975586
96.5693,12.194038391113281
96.66964,12.682198524475098
96.769821,12.194038391113281
96.867607,12.567863464355469
96.970308,12.367082595825195
97.070473,13.677663803100586
97.172097,13.704453468322754
97.267978,12.04647159576416
97.367591,12.75175952911377
97.467882,14.294846534729004
97.569941,12.775039672851562
97.667989,12.705224990844727
97.804337,12.236895561218262
97.906926,12.130413055419922
98.001725,13.544768333435059
98.101727,11.377989768981934
98.202327,11.304106712341309
98.304143,11.5285062789917
98.402694,11.088276863098145
98.502308,11.035643577575684
98.600858,10.863641738891602
98.705664,10.68059253692627
98.801864,10.301674842834473
98.901666,11.106048583984375
99.002429,9.726645469665527
99.101506,10.301674842834473
99.202894,11.471622467041016
99.336205,11.359339714050293
99.446102,10.948967933654785
99.542534,11.195240020751953
99.644654,11.000775337219238
99.750388,11.106048583984375
99.85103,10.8468017578125
99.948967,11.123703956604004
100.047441,11.123703956604004
100.148819,11.882223129272461
100.235781,11.377989768981934
100.335095,12.72856330871582
100.439242,11.452662467956543
100.537017,11.23117733001709
100.676849,12.258332252502441
100.768316,11.742064476013184
100.870875,11.267524719238281
100.971351,10.796268463134766
101.071258,11.28587532043457
101.168761,11.106048583984375
101.271645,11.018266677856445
101.367427,11.000775337219238
101.467936,12.15147876739502
101.568606,11.963883399963379
101.670944,13.597667694091797
101.769424,13.013555526733398
101.869062,11.359339714050293
101.970099,11.359339714050293
102.102378,12.025769233703613
102.206461,11.78179931640625
102.304492,12.34526252746582
102.407345,12.34526252746582
102.507445,12.500288009643555
102.602808,12.236895561218262
102.701841,12.965331077575684
102.804157,13.211074829101562
102.903682,12.477778434753418
103.0016,11.841809272766113
103.103222,12.477778434753418
103.236714,11.195240020751953
103.30214,11.452662467956543
103.401557,11.702597618103027
103.502353,12.109216690063477
103.636535,12.236895561218262
103.738543,11.624641418457031
103.835349,11.984375
103.935892,11.882223129272461
104.036072,11.359339714050293
104.135839,11.322397232055664
104.236149,11.123703956604004
104.33515,11.053075790405273
104.437579,11.359339714050293
104.535759,12.236895561218262
104.636563,12.917228698730469
104.737821,13.624141693115234
104.870449,15.165666580200195
104.935699,21.808977127075195
105.068523,31.03367042541504
105.170459,33.254608154296875
105.273566,32.785648345947266
105.368898,29.583986282348633
105.467976,25.108800888061523
105.56865,21.6732177734375
105.668519,19.99445915222168
105.770229,22.368762969970703
105.871043,20.46396827697754
105.968739,19.65636444091797
106.068647,18.96132469177246
106.169007,18.96132469177246
106.303222,18.60689926147461
106.369188,21.808977127075195
106.503516,20.404296875
106.60313,21.808977127075195
106.702101,21.60629653930664
106.802383,22.58607292175293
106.902849,19.8239688873291
107.002137,18.90958023071289
107.102097,18.265483856201172
107.204734,19.8239688873291
107.301878,17.530628204345703
107.4025,18.50798797607422
107.502584,17.312908172607422
107.602452,17.184520721435547
107.703417,17.663820266723633
107.836141,18.60689926147461
107.936432,17.486391067504883
108.0358,19.711734771728516
108.136617,20.89348602294922
108.236585,17.61890983581543
108.336593,17.61890983581543
108.436998,19.117238998413086
108.538306,17.26976203918457
108.636814,17.574657440185547
108.741601,17.890512466430664
108.838373,18.21792984008789
108.938584,18.029251098632812
109.036923,20.70738983154297
109.137093,18.12310028076172
109.272162,19.16961097717285
109.370075,17.486391067504883
109.470981,18.858617782592773
109.572127,16.730939865112305
109.670276,17.10053062438965
109.77161,19.491567611694336
109.872799,16.730939865112305
109.975358,18.557071685791016
110.070246,16.61139678955078
110.173898,17.486391067504883
110.28376,17.799053192138672
110.412042,16.730939865112305
110.477906,18.31328773498535
110.591578,16.771039962768555
110.705304,17.530628204345703
110.805959,17.142423629760742
110.909956,17.486391067504883
111.005763,17.016950607299805
111.103876,17.355850219726562
111.209275,16.93418312072754
111.305886,16.975263595581055
111.405133,16.69103240966797
111.5062,16.53251838684082
111.610769,15.400287628173828
111.706117,14.906264305114746
111.807136,15.748241424560547
111.905997,14.207206726074219
112.004317,13.868215560913086
112.139692,13.731608390808105
112.24298,13.062379837036133
112.338373,13.677663803100586
112.440811,13.895755767822266
112.54072,13.951436996459961
112.645159,14.207206726074219
112.740199,13.951436996459961
112.838076,14.149748802185059
112.938297,15.607053756713867
113.038223,15.607053756713867
113.138729,15.400287628173828
113.237851,13.840516090393066
113.337921,13.895755767822266
113.437773,14.26541805267334
113.542536,16.493549346923828
113.689861,16.61139678955078
113.779329,14.717232704162598
113.877567,16.975263595581055
113.972425,15.928181648254395
114.071175,15.002452850341797
114.17087,14.412908554077148
114.273456,14.563482284545898
114.372453,14.383282661437988
114.471115,14.294846534729004
114.570906,14.97004222869873
114.674768,14.906264305114746
114.774109,15.232014656066895
114.87143,16.893299102783203
115.010169,16.07490348815918
115.10518,16.81172752380371
115.205858,16.730939865112305
115.306229,13.895755767822266
115.404825,13.923405647277832
115.507543,14.236393928527832
115.610638,14.092475891113281
115.705641,14.442949295043945
115.806334,14.294846534729004
115.908008,14.294846534729004
116.006434,14.563482284545898
116.106266,15.265243530273438
116.208805,14.120914459228516
116.307585,14.207206726074219
116.439176,14.65528392791748
116.538915,15.468375205993652
116.640551,24.068204879760742
116.73838,14.035664558410645
116.83821,29.966548919677734
116.942181,16.493549346923828
117.038532,13.013555526733398
117.138631,13.261148452758789
117.244502,13.062379837036133
117.338569,13.704453468322754
117.438329,14.063874244689941
117.539157,13.51834487915039
117.639023,13.624141693115234
117.77337,14.149748802185059
117.843559,13.7586088180542
117.974334,14.207206726074219
118.074049,15.64194107055664
118.171859,17.442800521850586
118.278498,14.748557090759277
118.28805,14.442949295043945
118.473132,15.034687042236328
118.575508,14.412908554077148
118.673154,14.17841911315918
118.690323,24.404796600341797
118.894734,13.81319522857666
118.91128,13.7586088180542
119.108546,14.563482284545898
119.119592,16.338747024536133
119.241468,14.50281810760498
119.288733,14.533233642578125
119.488515,14.842717170715332
119.523995,13.013555526733398
119.68983,13.895755767822266
119.737847,13.440195083618164
119.822376,14.26541805267334
119.922315,13.979310035705566
120.022191,13.624141693115234
120.207409,13.951436996459961
120.306777,13.51834487915039
120.405326,13.33747386932373
120.521592,14.810992240905762
120.608844,13.868215560913086
120.722752,12.500288009643555
120.823796,13.650721549987793
120.923223,13.571037292480469
121.02821,12.965331077575684
121.123848,13.492279052734375
121.225915,12.989399909973145
121.321959,14.472820281982422
121.422667,13.111571311950684
121.55547,13.704453468322754
121.657793,13.895755767822266
121.756741,14.874267578125
121.855888,13.624141693115234
121.957747,12.989399909973145
122.056378,12.989399909973145
122.154916,12.965331077575684
122.272502,14.324108123779297
122.356542,14.442949295043945
122.472989,14.120914459228516
122.55661,13.731608390808105
122.65718,14.624655723571777
122.756382,16.771039962768555
122.789104,14.207206726074219
122.99665,14.563482284545898
123.090871,16.493549346923828
123.102067,15.748241424560547
123.190285,14.874267578125
123.291783,14.50281810760498
123.490683,16.338747024536133
123.501476,13.650721549987793
123.593642,14.092475891113281
123.689802,14.149748802185059
123.823249,14.442949295043945
123.889305,13.013555526733398
124.022288,12.194038391113281
124.124201,13.51834487915039
124.223484,13.4144287109375
124.324514,12.28005599975586
124.422299,12.845856666564941
124.523725,13.597667694091797
124.6256,13.4144287109375
124.722417,14.472820281982422
124.825443,13.236064910888672
124.923087,13.731608390808105
125.024696,12.567863464355469
125.124448,12.893194198608398
125.322658,11.882223129272461
125.456751,12.389193534851074
125.522847,13.840516090393066
125.621989,12.500288009643555
125.758044,11.80167007446289
125.855892,12.567863464355469
125.957279,13.211074829101562
126.057271,12.500288009643555
126.158092,12.917228698730469
126.257446,12.869482040405273
126.355932,12.500288009643555
126.456146,12.067450523376465
126.556448,11.78179931640625
126.656566,11.841809272766113
126.755911,12.367082595825195
126.855703,17.799053192138672
126.959403,10000.0
127.089568,10000.0
127.189827,16.149465560913086
127.289399,16.038061141967773
127.389811,26.84960174560547
127.489492,28.612674713134766
127.591307,20.226776123046875
127.69002,17.184520721435547
127.79108,12.822087287902832
127.89024,12.917228698730469
127.989379,17.98291778564453
128.089296,15.572321891784668
128.190607,12.845856666564941
128.290102,12.28005599975586
128.38987,13.161134719848633
128.489952,13.161134719848633
128.590746,12.845856666564941
128.725168,12.025769233703613
128.823042,12.301644325256348
128.925915,14.938085556030273
128.936692,13.038042068481445
129.125141,12.433219909667969
129.224164,13.731608390808105
129.236902,12.636170387268066
129.359564,12.236895561218262
129.429699,12.194038391113281
129.557816,13.18593692779541
129.658543,13.013555526733398
129.758483,12.775039672851562
129.859933,12.389193534851074
129.959779,12.79863452911377
130.05761,13.062379837036133
130.157602,12.613393783569336
130.257575,13.544768333435059
130.458916,12.411168098449707
130.55834,13.236064910888672
130.657534,12.301644325256348
130.757373,11.902435302734375
130.857398,13.236064910888672
130.958563,16.730939865112305
131.057572,14.810992240905762
131.159463,14.120914459228516
131.258547,14.97004222869873
131.359877,17.355850219726562
131.458891,13.979310035705566
131.558962,13.544768333435059
131.69221,14.063874244689941
131.803969,12.941117286682129
131.892334,12.301644325256348
131.992468,12.590476036071777
132.092289,16.571670532226562
132.190706,15.067378044128418
132.292038,13.440195083618164
132.325545,13.236064910888672
132.49162,14.092475891113281
132.592547,13.211074829101562
132.727701,12.455568313598633
132.791584,12.301644325256348
132.928195,12.682198524475098
132.942099,14.874267578125
133.025441,13.33747386932373
133.225682,14.717232704162598
133.245424,13.236064910888672
133.324657,12.845856666564941
133.42747,13.597667694091797
133.526421,12.989399909973145
133.625905,12.822087287902832
133.725356,12.869482040405273
133.828256,14.594154357910156
133.931936,14.748557090759277
134.038521,13.111571311950684
134.164848,13.650721549987793
134.261774,15.434256553649902
134.365759,14.063874244689941
134.46402,13.466313362121582
134.568463,12.79863452911377
134.66417,12.636170387268066
134.75952,12.34526252746582
134.860026,12.590476036071777
134.95883,12.389193534851074
135.061643,12.301644325256348
135.159119,12.109216690063477
135.261715,12.130413055419922
135.363158,12.025769233703613
135.592686,11.963883399963379
135.659559,13.33747386932373
135.796027,11.984375
135.892704,12.75175952911377
135.995417,12.17282485961914
136.093182,12.236895561218262
136.192447,11.984375
136.297431,12.34526252746582
136.392434,12.067450523376465
136.496102,11.80167007446289
136.593493,12.15147876739502
136.69315,12.477778434753418
136.792544,12.965331077575684
136.89305,12.433219909667969
137.026994,12.215324401855469
137.091992,12.109216690063477
137.230768,13.261148452758789
137.239497,12.194038391113281
137.425128,12.258332252502441
137.5309,12.15147876739502
137.62689,12.389193534851074
137.636588,13.087050437927246
137.825553,12.590476036071777
137.837008,12.917228698730469
138.028001,13.261148452758789
138.038665,12.79863452911377
138.159338,13.650721549987793
138.259527,13.81319522857666
138.360086,12.79863452911377
138.458885,12.636170387268066
138.559095,13.597667694091797
138.658772,12.845856666564941
138.764969,12.869482040405273
138.861281,13.161134719848633
138.959879,12.941117286682129
139.060357,14.442949295043945
139.161108,14.810992240905762
139.259062,14.472820281982422
139.363849,13.492279052734375
139.459108,14.353489875793457
139.559117,14.472820281982422
139.659028,14.207206726074219
139.759276,14.686345100402832
139.892943,13.362943649291992
139.993234,14.063874244689941
140.094273,13.136185646057129
140.193803,13.923405647277832
140.292211,13.7586088180542
140.39507,13.466313362121582
140.492764,13.7586088180542
140.692193,13.571037292480469
140.793474,14.063874244689941
140.894377,14.412908554077148
140.992046,13.840516090393066
141.092203,13.492279052734375
141.226038,16.07490348815918
141.29242,13.868215560913086
141.395089,13.111571311950684
141.492103,12.79863452911377
141.626415,12.965331077575684
141.637001,13.951436996459961
141.731935,13.650721549987793
141.839033,12.869482040405273
141.928044,13.062379837036133
142.028354,13.544768333435059
142.126151,13.868215560913086
142.229937,13.4144287109375
142.326273,13.236064910888672
142.461285,15.537405014038086
142.559611,13.677663803100586
142.660324,12.893194198608398
142.759109,13.650721549987793
142.860095,13.286575317382812
142.960887,12.845856666564941
143.05973,14.17841911315918
143.164687,13.597667694091797
143.261734,13.677663803100586
143.359332,13.062379837036133
143.461113,14.149748802185059
143.560528,13.18593692779541
143.660361,13.013555526733398
143.761375,13.650721549987793
143.861437,13.136185646057129
143.960985,12.869482040405273
144.059777,13.51834487915039
144.159936,14.563482284545898
144.260493,12.613393783569336
144.394638,12.236895561218262
144.493384,12.75175952911377
144.593519,12.893194198608398
144.695693,13.161134719848633
144.79372,14.120914459228516
144.895702,13.650721549987793
144.994069,13.466313362121582
145.093116,13.33747386932373
145.196027,13.087050437927246
145.293962,12.682198524475098
145.395312,13.923405647277832
145.494239,13.038042068481445
145.593903,13.597667694091797
145.829427,13.4144287109375
145.851978,13.261148452758789
146.026808,13.440195083618164
146.035835,13.544768333435059
146.127682,14.353489875793457
146.228546,13.18593692779541
146.331907,12.845856666564941
146.42797,13.161134719848633
146.527447,12.301644325256348
146.627259,12.025769233703613
146.761258,12.130413055419922
146.827247,12.258332252502441
146.927306,11.66358470916748
147.060916,12.215324401855469
147.160735,11.68305778503418
147.26287,12.067450523376465
147.360793,11.922913551330566
147.459781,12.455568313598633
147.5616,12.822087287902832
147.661415,13.388511657714844
147.761835,13.650721549987793
147.860747,13.704453468322754
147.960517,13.286575317382812
148.061061,13.466313362121582
148.160866,13.466313362121582
148.260367,13.650721549987793
148.361236,13.868215560913086
148.461405,12.75175952911377
148.561353,11.66358470916748
148.695174,10.948967933654785
148.795853,11.23117733001709
148.894673,10.74636459350586
148.99547,11.471622467041016
149.094129,10.897644996643066
149.195359,11.088276863098145
149.295018,10.631590843200684
149.3948,10.696919441223145
149.494682,10.615463256835938
149.595782,10.796268463134766
149.694436,10.796268463134766
149.795746,10.615463256835938
149.895133,10.966126441955566
149.995235,10.8468017578125
150.129493,11.053075790405273
150.231002,11.43394947052002
150.328679,11.43394947052002
150.427308,11.39652156829834
150.529572,12.258332252502441
150.628669,11.359339714050293
150.728403,11.452662467956543
150.830071,11.123703956604004
150.928631,10.72988510131836
151.028733,10.503454208374023
151.129656,10.796268463134766
151.228969,10.77963638305664
151.329346,11.159357070922852
151.462071,10.77963638305664
151.562746,10.583195686340332
151.662042,11.035643577575684
151.762466,10.39378547668457
151.86521,10.880534172058105
151.963039,11.053075790405273
152.064621,10.286529541015625
152.161784,10.122122764587402
152.263773,10.286529541015625
152.36471,10.005905151367188
152.462941,9.864297866821289
152.562186,10.487711906433105
152.662056,10.092779159545898
152.762159,9.9772310256958
152.897322,9.878223419189453
152.997383,9.808717727661133
153.096637,9.753893852233887
153.195655,9.619282722473145
153.297297,9.449769973754883
153.398511,10.005905151367188
153.497653,9.753893852233887
153.598323,9.963025093078613
153.695634,9.52721881866455
153.795523,9.579647064208984
153.895916,9.436901092529297
153.995782,9.42419147491455
154.098034,9.398751258850098
154.232997,9.335806846618652
154.296101,9.991617202758789
154.429017,9.236856460571289
154.53098,9.42419147491455
154.630031,9.68612003326416
154.729385,10.226104736328125
154.828953,10.271284103393555
154.932792,10.16638469696045
155.029279,10.049154281616211
155.132196,9.605948448181152
155.231332,9.632523536682129
155.331889,9.699546813964844
155.432146,9.540207862854004
155.529755,9.713142395019531
155.628946,9.659248352050781
155.728959,9.659248352050781
155.763431,9.836429595947266
155.96692,9.836429595947266
156.062558,10.378369331359863
156.165999,10.47186279296875
156.269354,9.892326354980469
156.362343,9.808717727661133
156.462339,9.808717727661133
156.566068,9.436901092529297
156.666407,9.753893852233887
156.766155,9.74018383026123
156.870695,9.68612003326416
156.96394,9.592779159545898
157.063862,10.487711906433105
157.163446,10.39378547668457
157.296915,9.767509460449219
157.397405,9.713142395019531
157.496766,9.781296730041504
157.59778,9.323368072509766
157.697139,9.34827995300293
157.711763,9.501219749450684
157.900434,9.475362777709961
157.908907,9.767509460449219
158.10532,9.672599792480469
158.200978,9.93459701538086
158.303337,11.000775337219238
158.408045,9.963025093078613
158.529557,9.906330108642578
158.597956,9.659248352050781
158.729612,9.767509460449219
158.829302,10.005905151367188
158.930204,9.822622299194336
159.029131,9.864297866821289
159.12988,10.020233154296875
159.230158,10.241071701049805
159.330462,10.631590843200684
159.43021,11.722393035888672
159.529004,38.381595611572266
159.630872,39.24690628051758
159.730666,34.23395538330078
159.830531,31.171918869018555
159.967412,39.69215393066406
159.979628,34.92068099975586
160.164212,52.170570373535156
160.176282,25.199220657348633
160.264579,16.37698745727539
160.377582,11.722393035888672
160.468051,10.897644996643066
160.58732,10.078243255615234
160.666073,9.659248352050781
160.767375,11.702597618103027
160.889409,10.68059253692627
161.064638,9.398751258850098
161.16356,10.107501029968262
161.264574,9.93459701538086
161.397858,9.386143684387207
161.462998,9.323368072509766
161.565626,9.224560737609863
161.697172,9.163920402526855
161.797615,9.163920402526855
161.899536,9.26142692565918
161.997315,9.236856460571289
162.097935,9.310840606689453
162.196659,9.632523536682129
162.298168,9.449769973754883
162.397195,9.632523536682129
162.498544,10.034743309020996
162.5974,9.632523536682129
162.696743,8.861064910888672
162.796793,8.986692428588867
162.831046,9.021678924560547
162.930638,9.176055908203125
163.130808,9.335806846618652
163.23196,9.34827995300293
163.330771,9.34827995300293
163.431063,9.540207862854004
163.44432,10.551122665405273
163.532872,10.122122764587402
163.633833,9.659248352050781
163.832128,9.52721881866455
163.850807,9.93459701538086
163.963691,9.699546813964844
164.063928,9.699546813964844
164.164724,10.18132209777832
164.265293,10.487711906433105
164.364512,9.948720932006836
164.464978,9.605948448181152
164.565038,9.386143684387207
164.663904,9.360907554626465
164.764867,9.249065399169922
164.865049,9.360907554626465
164.964822,9.436901092529297
165.065543,9.579647064208984
165.164404,10.286529541015625
165.264911,10.332245826721191
165.365322,9.449769973754883
165.465871,9.34827995300293
165.565381,9.46254825592041
165.664179,9.310840606689453
165.79926,9.335806846618652
165.898893,9.579647064208984
165.997152,9.93459701538086
166.199104,9.310840606689453
166.298876,9.37344741821289
166.399184,9.273700714111328
166.497529,9.360907554626465
166.599768,9.236856460571289
166.698425,9.224560737609863
166.797465,9.273700714111328
166.898817,9.411391258239746
166.998957,9.68612003326416
167.097713,9.398751258850098
167.197859,9.249065399169922
167.29828,9.46254825592041
167.432374,9.632523536682129
167.534857,9.26142692565918
167.634432,9.236856460571289
167.649088,9.26142692565918
167.831563,9.224560737609863
167.933148,9.249065399169922
168.031385,9.386143684387207
168.131547,9.298468589782715
168.233979,9.436901092529297
168.331183,9.310840606689453
168.431574,9.605948448181152
168.533721,9.553360939025879
168.567796,9.42419147491455
168.666626,9.864297866821289
168.769817,9.360907554626465
168.966128,9.46254825592041
168.97386,9.13998031616211
169.065932,9.619282722473145
169.168612,9.501219749450684
169.268603,9.540207862854004
169.366801,9.188103675842285
169.467006,9.0804443359375
169.599096,8.963668823242188
169.699381,9.021678924560547
169.768252,8.986692428588867
169.914607,9.188103675842285
170.000659,8.883674621582031
170.099535,8.749829292297363
170.200295,9.249065399169922
170.299547,9.127941131591797
170.402773,9.310840606689453
170.501291,9.579647064208984
170.599319,10.583195686340332
170.700651,9.906330108642578
170.800347,9.310840606689453
170.904277,9.475362777709961
170.999115,9.52721881866455
171.099403,9.672599792480469
171.300445,9.553360939025879
171.400729,9.045001983642578
171.533318,8.906399726867676
171.600585,8.986692428588867
171.732993,9.092243194580078
171.834369,9.249065399169922
171.934217,9.045001983642578
172.032955,8.872300148010254
172.136015,9.249065399169922
172.235083,9.151935577392578
172.334708,9.021678924560547
172.434332,8.883674621582031
172.53349,9.092243194580078
172.63453,8.872300148010254
172.736449,9.021678924560547
172.766915,8.906399726867676
172.934607,9.05682373046875
172.967155,9.127941131591797
173.067582,9.475362777709961
173.168909,9.045001983642578
173.271941,8.816189765930176
173.367031,8.975165367126465
173.502337,8.917750358581543
173.566463,8.861064910888672
173.670479,8.952088356018066
173.767116,8.79403018951416
173.869481,8.940650939941406
173.967159,9.13998031616211
174.068595,9.273700714111328
174.203303,10.16638469696045
174.301336,10.063749313354492
174.402206,9.501219749450684
174.506,9.411391258239746
174.601981,9.436901092529297
174.703487,9.335806846618652
174.800953,9.411391258239746
174.902427,9.475362777709961
175.001737,9.579647064208984
175.102885,9.892326354980469
175.204219,9.566422462463379
175.300657,9.836429595947266
175.43394,10.409398078918457
175.501624,9.836429595947266
175.600327,9.991617202758789
175.700664,10.049154281616211
175.803003,10.241071701049805
175.933955,11.340928077697754
176.039042,10.897644996643066
176.135263,11.43394947052002
176.238197,11.452662467956543
176.434985,10.39378547668457
176.538771,9.850412368774414
176.634429,9.592779159545898
176.737291,9.781296730041504
176.835583,9.501219749450684
176.935386,9.672599792480469
176.968251,9.398751258850098
177.133088,9.579647064208984
177.26965,9.475362777709961
177.336347,9.436901092529297
177.370128,9.34827995300293
177.571288,9.411391258239746
177.582795,9.699546813964844
177.767562,9.553360939025879
177.776979,9.436901092529297
177.870038,9.68612003326416
177.970827,9.449769973754883
178.068624,9.37344741821289
178.201919,9.753893852233887
178.271675,9.632523536682129
178.369248,9.42419147491455
178.511808,9.21241569519043
178.602521,9.436901092529297
178.701602,11.490457534790039
178.802293,9.188103675842285
178.90262,9.298468589782715
179.006061,9.163920402526855
179.105222,9.236856460571289
179.201433,11.702597618103027
179.302846,18.50798797607422
179.406453,11.471622467041016
179.501782,9.822622299194336
179.601283,9.37344741821289
179.701564,9.127941131591797
179.80629,8.952088356018066
179.904958,9.726645469665527
180.001515,16.038061141967773
180.103523,10.36299991607666
180.201838,10.063749313354492
180.339198,9.0333251953125
180.435325,9.200303077697754
180.536905,9.566422462463379
180.640983,9.42419147491455
180.737828,9.28600788116455
180.836705,9.176055908203125
180.936512,9.021678924560547
181.039788,9.21241569519043
181.137055,9.0804443359375
181.236214,9.436901092529297
181.335624,9.13998031616211
181.539335,9.104072570800781
181.669717,9.436901092529297
181.776214,9.298468589782715
181.884206,9.808717727661133
181.996217,9.672599792480469
182.069594,9.592779159545898
182.170111,9.52721881866455
182.273558,9.579647064208984
182.369698,9.37344741821289
182.470346,9.808717727661133
182.569669,9.781296730041504
182.668381,9.794987678527832
182.701844,9.726645469665527
182.808598,9.906330108642578
182.971821,9.249065399169922
183.002464,9.249065399169922
183.105105,9.0333251953125
183.203873,9.092243194580078
183.305243,8.917750358581543
183.403213,8.952088356018066
183.501868,9.092243194580078
183.602569,9.236856460571289
183.70091,9.335806846618652
183.801885,9.151935577392578
183.939221,8.706070899963379
184.001846,8.975165367126465
184.134215,8.986692428588867
184.236739,9.0333251953125
184.335852,9.411391258239746
184.436892,9.0333251953125
184.535665,9.398751258850098
184.635802,10.034743309020996
184.735356,9.948720932006836
184.835644,10.983508110046387
184.935931,10.696919441223145
185.036108,10.931862831115723
185.136886,10.897644996643066
185.235597,10.914643287658691
185.336906,10.796268463134766
185.435168,11.177181243896484
185.538809,12.567863464355469
185.637101,11.035643577575684
185.735624,11.28587532043457
185.870278,11.922913551330566
185.970617,12.965331077575684
186.069228,9.963025093078613
186.169846,9.892326354980469
186.268259,10.47186279296875
186.368932,9.920512199401855
186.468606,9.864297866821289
186.570724,9.906330108642578
186.669108,9.781296730041504
186.769712,9.864297866821289
186.868793,9.659248352050781
186.969661,10.332245826721191
187.06907,11.43394947052002
187.170958,10.39378547668457
187.268621,9.699546813964844
187.402741,9.767509460449219
187.502261,9.794987678527832
187.60234,10.25622844696045
187.701905,10.063749313354492
187.802916,10.424906730651855
187.902602,10.503454208374023
188.001862,10.286529541015625
188.102762,10.301674842834473
188.202662,11.841809272766113
188.302871,11.322397232055664
188.401996,11.66358470916748
188.503961,10.914643287658691
188.602266,10.631590843200684
188.701747,10.914643287658691
188.838748,10.664155006408691
188.937043,10.77963638305664
189.036441,11.035643577575684
189.138126,11.123703956604004
189.238641,11.5285062789917
189.33616,11.862080574035645
189.436098,11.141414642333984
189.537573,10.880534172058105
189.638585,10.409398078918457
189.736672,10.151636123657227
189.837497,10.599382400512695
189.93694,12.500288009643555
190.070533,22.368762969970703
190.137177,13.840516090393066
190.272229,12.989399909973145
190.370803,10.631590843200684
190.470018,10.880534172058105
190.569509,10.948967933654785
190.670821,10.914643287658691
190.769547,10.74636459350586
190.87145,10.409398078918457
190.970523,10.966126441955566
191.071858,12.323309898376465
191.171017,11.742064476013184
191.270515,10.72988510131836
191.369948,10.599382400512695
191.504226,10.74636459350586
191.570266,10.092779159545898
191.708722,9.436901092529297
191.803248,9.726645469665527
191.906239,9.963025093078613
192.005127,9.836429595947266
192.10542,9.864297866821289
192.204678,9.753893852233887
192.303991,9.920512199401855
192.403806,10.72988510131836
192.505697,9.488336563110352
192.604274,9.501219749450684
192.704565,9.68612003326416
192.837279,9.514265060424805
192.903646,9.645933151245117
193.00393,9.808717727661133
193.138448,9.475362777709961
193.237589,10.034743309020996
193.338456,9.386143684387207
193.439134,9.488336563110352
193.538139,9.310840606689453
193.6391,9.605948448181152
193.737984,9.645933151245117
193.840605,9.808717727661133
193.938559,9.878223419189453
194.039853,9.37344741821289
194.137737,9.323368072509766
194.238555,9.0804443359375
194.338461,9.850412368774414
194.437608,9.488336563110352
194.572151,9.52721881866455
194.671302,10.005905151367188
194.771768,9.991617202758789
194.873348,10.271284103393555
194.971582,9.948720932006836
195.072239,11.267524719238281
195.173003,11.566805839538574
195.271323,10.948967933654785
195.371425,11.141414642333984
195.472056,12.659029960632324
195.572386,10.615463256835938
195.671104,11.018266677856445
195.771706,10.948967933654785
195.872664,10.39378547668457
195.909177,10.966126441955566
196.105259,10.696919441223145
196.204446,11.23117733001709
196.308313,10.286529541015625
196.405111,10.409398078918457
196.504261,10.880534172058105
196.516517,10.519399642944336
196.705812,10.078243255615234
196.805243,10.409398078918457
196.907445,10.241071701049805
197.005388,10.196157455444336
197.109325,10.301674842834473
197.207532,10.136930465698242
197.304791,10.409398078918457
197.406862,10.25622844696045
197.537871,10.092779159545898
197.64137,10.107501029968262
197.738859,10.286529541015625
197.840221,10.863641738891602
197.939399,10.519399642944336
198.040806,10.813115119934082
198.142305,11.000775337219238
198.240278,11.78179931640625
198.339487,11.141414642333984
198.439038,11.43394947052002
198.540929,11.605173110961914
198.639498,12.989399909973145
198.74188,13.923405647277832
198.874869,14.472820281982422
198.941235,15.165666580200195
198.98161,14.906264305114746
199.072263,15.29861831665039
199.178079,16.001026153564453
199.376357,15.165666580200195
199.389146,12.659029960632324
199.508366,12.941117286682129
199.573166,11.66358470916748
199.671251,11.415111541748047
199.788525,11.761994361877441
199.872031,11.547532081604004
200.005772,11.585957527160645
200.105889,12.34526252746582
200.192233,12.822087287902832
200.309595,12.917228698730469
200.388568,12.659029960632324
200.510075,12.500288009643555
200.608882,12.17282485961914
200.709237,11.761994361877441
200.808794,11.78179931640625
200.910125,12.389193534851074
201.006039,11.490457534790039
201.127343,12.79863452911377
201.208298,11.43394947052002
201.322251,12.301644325256348
201.405378,11.963883399963379
201.522328,12.500288009643555
201.639463,12.367082595825195
201.726829,12.301644325256348
201.924923,12.15147876739502
202.039036,12.411168098449707
202.154962,12.004934310913086
202.222255,12.301644325256348
202.322606,12.477778434753418
202.456001,12.088296890258789
202.555581,12.34526252746582
202.660638,11.82180404663086
202.756292,11.984375
202.856307,11.377989768981934
202.960506,11.070734977722168
203.057198,10.631590843200684
203.156811,10.796268463134766
203.257295,12.845856666564941
203.357478,12.567863464355469
203.456547,11.213180541992188
203.555926,10.829850196838379
203.656224,11.088276863098145
203.755432,11.304106712341309
203.85744,11.5285062789917
203.893011,11.141414642333984
204.088484,11.452662467956543
204.190241,11.82180404663086
204.290621,11.018266677856445
204.388973,11.106048583984375
204.489374,10.948967933654785
204.592862,10.378369331359863
204.692566,10.211182594299316
204.792263,10.078243255615234
204.892089,10.301674842834473
204.926544,10.122122764587402
205.12672,9.920512199401855
205.191023,12.34526252746582
205.226226,12.236895561218262
205.322807,10.948967933654785
205.431181,10.615463256835938
205.62412,11.624641418457031
205.640449,11.78179931640625
205.733197,11.702597618103027
205.841428,10.931862831115723
205.93887,10.77963638305664
206.044127,10.983508110046387
206.161863,11.053075790405273
206.229982,11.6439847946167
206.364073,12.194038391113281
206.423103,12.613393783569336
206.558946,12.893194198608398
206.656736,13.440195083618164
206.757922,13.785714149475098
206.864768,13.261148452758789
207.058369,13.038042068481445
207.15709,12.893194198608398
207.260086,13.362943649291992
207.357582,13.571037292480469
207.457454,13.33747386932373
207.556651,14.207206726074219
207.657147,12.822087287902832
207.756246,13.31185245513916
207.857177,11.78179931640625
207.958995,11.82180404663086
208.090954,11.070734977722168
208.15754,10.829850196838379
208.290326,13.161134719848633
208.409384,10.983508110046387
208.476767,11.018266677856445
208.59243,10.647928237915039
208.690524,11.377989768981934
208.793737,12.088296890258789
208.892739,10.829850196838379
208.994768,13.161134719848633
209.033219,57.319801330566406
209.125972,14.472820281982422
209.228248,12.500288009643555
209.324361,11.471622467041016
209.424403,12.130413055419922
209.590732,11.018266677856445
209.625756,10.316863059997559
209.72442,11.195240020751953
209.828187,11.249410629272461
210.028576,10.615463256835938
210.043891,11.66358470916748
210.132464,11.141414642333984
210.227499,11.322397232055664
210.327258,10.271284103393555
210.426488,10.18132209777832
210.527039,9.948720932006836
210.624791,9.991617202758789
210.758168,9.93459701538086
210.825719,10.049154281616211
210.959273,10.301674842834473
211.058628,10.020233154296875
